{
    "stat": {
        "ru_self_end": {
            "ru_stime_sec": 0.078284999999999993,
            "ru_utime_sec": 0.040364999999999998,
            "ru_majflt": 0,
            "ru_maxrss_kb": 124060,
            "ru_nivcsw": 15,
            "ru_minflt": 13872,
            "ru_nvcsw": 65
        },
        "cpu_cycles_end": 52404704566096,
        "ru_childs_end": {
            "ru_stime_sec": 0.030200000000000001,
            "ru_utime_sec": 0.022731999999999999,
            "ru_majflt": 0,
            "ru_maxrss_kb": 117140,
            "ru_nivcsw": 22,
            "ru_minflt": 13060,
            "ru_nvcsw": 46
        },
        "peak_mem_kb": 378168
    },
    "Modules": {
        "tb": {
            "start_perf": [
                0.23803091049194336,
                0.038963999999999999,
                0.072360999999999995,
                304040,
                378168,
                1695802676.451463,
                52404681180688
            ],
            "nRouts": 25,
            "end_perf": [
                0.23961687088012695,
                0.039516999999999997,
                0.073388999999999996,
                304040,
                378168,
                52404686430992,
                17179869185,
                0
            ],
            "Compiled Times": 16,
            "child_modules": {
                "fifo_if": 1,
                "fifo": 1
            },
            "Compiled": "Yes",
            "nQuads": 138,
            "nMops": 448
        },
        "vcs_paramclassrepository": {
            "start_perf": [
                0.21209383010864258,
                0.024351000000000001,
                0.061037000000000001,
                298148,
                378168,
                1695802676.4255259,
                52404598360560
            ],
            "nRouts": 14,
            "end_perf": [
                0.21303200721740723,
                0.024351000000000001,
                0.061975000000000002,
                298148,
                378168,
                52404601362064,
                25769803777,
                0
            ],
            "child_modules": {},
            "Compiled Times": 15,
            "Compiled": "Yes",
            "nQuads": 56,
            "svclass": [
                "std_mailbox_11498084071272308478_61",
                0,
                136,
                9,
                9,
                0
            ],
            "nMops": 136
        },
        "...MASTER...": {
            "start_perf": [
                0.20929598808288574,
                0.024351000000000001,
                0.059762000000000003,
                296740,
                378168,
                1695802676.4227281,
                52404589411216
            ],
            "nRouts": 5,
            "end_perf": [
                0.21202397346496582,
                0.024351000000000001,
                0.060965999999999999,
                298148,
                378168,
                52404598154672,
                0,
                0
            ],
            "child_modules": {
                "tb": 1,
                "vcs_paramclassrepository": 1,
                "std": 1,
                "_vcs_unit__3817287043": 1
            },
            "nQuads": 0,
            "nMops": 0
        },
        "_vcs_unit__3817287043": {
            "start_perf": [
                0.21305489540100098,
                0.024351000000000001,
                0.061997999999999998,
                298148,
                378168,
                1695802676.426487,
                52404601407536
            ],
            "nRouts": 92,
            "end_perf": [
                0.2357330322265625,
                0.038158999999999998,
                0.070866999999999999,
                304040,
                378168,
                52404673937616,
                4294967297,
                0
            ],
            "child_modules": {},
            "Compiled Times": 15,
            "Compiled": "Yes",
            "significant_routs": [
                [
                    14,
                    "U_VCSgd_kL5xD_14",
                    3208256,
                    1644,
                    165
                ],
                [
                    80,
                    "F_VCSgd_kL5xD_31_0",
                    4797952,
                    4588,
                    685
                ]
            ],
            "nQuads": 1591,
            "svclass": [
                "transaction",
                3485,
                396,
                5,
                4,
                4294967302,
                "generator",
                4772,
                486,
                9,
                4,
                4294967336,
                "driver",
                6166,
                716,
                17,
                4,
                4294967362,
                "monitor",
                5493,
                743,
                11,
                3,
                4294967399,
                "scoreboard",
                4023,
                476,
                5,
                3,
                4294967431,
                "environment",
                10439,
                1095,
                31,
                6,
                4294967473
            ],
            "nMops": 5699
        },
        "std": {
            "start_perf": [
                0.23579001426696777,
                0.038178999999999998,
                0.070904999999999996,
                304040,
                378168,
                1695802676.4492221,
                52404674028912
            ],
            "nRouts": 33,
            "end_perf": [
                0.23741793632507324,
                0.038747999999999998,
                0.071961999999999998,
                304040,
                378168,
                52404679283856,
                8589934594,
                0
            ],
            "child_modules": {},
            "Compiled Times": 16,
            "Compiled": "Yes",
            "nQuads": 218,
            "svclass": [
                "$vcs_nba_dyn_obj",
                0,
                35,
                2,
                2,
                0,
                "sigprop$$",
                0,
                35,
                2,
                2,
                0,
                "process",
                0,
                200,
                8,
                8,
                0,
                "event",
                0,
                34,
                2,
                2,
                0,
                "mailbox",
                0,
                140,
                9,
                9,
                0,
                "semaphore",
                0,
                84,
                5,
                5,
                0
            ],
            "nMops": 528
        },
        "fifo_if": {
            "start_perf": [
                0.2374570369720459,
                0.038762999999999999,
                0.071987999999999996,
                304040,
                378168,
                1695802676.4508891,
                52404679349648
            ],
            "nRouts": 8,
            "end_perf": [
                0.2380068302154541,
                0.038954999999999997,
                0.072345999999999994,
                304040,
                378168,
                52404681133328,
                12884901889,
                0
            ],
            "child_modules": {},
            "Compiled Times": 15,
            "Compiled": "Yes",
            "nQuads": 12,
            "svclass": [
                "fifo_if_vcs_virt_intf_C",
                0,
                0,
                0,
                0,
                0
            ],
            "nMops": 38
        },