{
    "cycles_program_begin": 37577530171651,
    "CurCompileModules": [
        "...MASTER...",
        "...MASTER...",
        "vcs_paramclassrepository",
        "vcs_paramclassrepository",
        "_vcs_unit__2172170401",
        "_vcs_unit__2172170401",
        "std",
        "std",
        "dff_if",
        "dff_if",
        "tb",
        "tb",
        "dff",
        "dff"
    ],
    "stat": {
        "nQuads": 1514,
        "ru_self_end": {
            "ru_utime_sec": 0.022360000000000001,
            "ru_maxrss_kb": 124736,
            "ru_stime_sec": 0.12119000000000001,
            "ru_minflt": 13962,
            "ru_nvcsw": 210,
            "ru_majflt": 279,
            "ru_nivcsw": 15
        },
        "outputSizePerQuad": 227.60501981505945,
        "ru_self_cgstart": {
            "ru_utime_sec": 0.016927000000000001,
            "ru_maxrss_kb": 114676,
            "ru_stime_sec": 0.080888000000000002,
            "ru_minflt": 12066,
            "ru_nvcsw": 170,
            "ru_majflt": 201,
            "ru_nivcsw": 15
        },
        "cpu_cycles_cgstart": 37578714641784,
        "CodeGen(%)": 11.929909312487634,
        "ru_childs_cgstart": {
            "ru_utime_sec": 0.023181,
            "ru_maxrss_kb": 114676,
            "ru_stime_sec": 0.037961000000000002,
            "ru_minflt": 12803,
            "ru_nvcsw": 80,
            "ru_majflt": 48,
            "ru_nivcsw": 8
        },
        "nMops": 4858,
        "peak_mem_kb": 380464,
        "Frontend(%)": 88.070090687512362,
        "cpu_cycles_end": 37578929337304,
        "totalObjSize": 344594,
        "realTime": 0.44877505302429199,
        "cpu_cycles_total": 1399165653,
        "ru_childs_end": {
            "ru_utime_sec": 0.023181,
            "ru_maxrss_kb": 114676,
            "ru_stime_sec": 0.037961000000000002,
            "ru_minflt": 12803,
            "ru_nvcsw": 80,
            "ru_majflt": 48,
            "ru_nivcsw": 8
        }
    },
    "CompileProcesses": [
        "cgproc.19890.json"
    ],
    "perf": [
        {
            "stat": [
                "main",
                "entry",
                0.010724067687988281,
                0.01626,
                0.01626,
                200680,
                200680,
                0.0,
                0.0,
                1700638701.327621,
                37577530387875
            ],
            "sub": [
                {
                    "stat": [
                        "doParsingAndDesignResolution",
                        "entry",
                        0.21015715599060059,
                        0.016927000000000001,
                        0.024473999999999999,
                        209632,
                        210432,
                        0.0,
                        0.0,
                        1700638701.5270541,
                        37578167345059
                    ],
                    "sub": []
                },
                {
                    "stat": [
                        "doParsingAndDesignResolution",
                        "exit",
                        0.22079801559448242,
                        0.016927000000000001,
                        0.036729999999999999,
                        312920,
                        380464,
                        0.0,
                        0.0,
                        1700638701.5376949,
                        37578201334179
                    ],
                    "sub": []
                },
                {
                    "stat": [
                        "doPostDesignResolutionToVir2Vcs",
                        "entry",
                        0.22410416603088379,
                        0.016927000000000001,
                        0.041156999999999999,
                        294704,
                        380464,
                        0.0,
                        0.0,
                        1700638701.5410011,
                        37578211932067
                    ],
                    "sub": [
                        {
                            "stat": [
                                "doUptoVir2VcsNoSepCleanup",
                                "entry",
                                0.23598718643188477,
                                0.016927000000000001,
                                0.045977999999999998,
                                295152,
                                380464,
                                0.0,
                                0.0,
                                1700638701.5528841,
                                37578249853571
                            ],
                            "sub": []
                        },
                        {
                            "stat": [
                                "doUptoVir2VcsNoSepCleanup",
                                "exit",
                                0.3296961784362793,
                                0.016927000000000001,
                                0.075345999999999996,
                                296208,
                                380464,
                                0.0073709999999999999,
                                0.002013,
                                1700638701.6465931,
                                37578549210136
                            ],
                            "sub": []
                        },
                        {
                            "stat": [
                                "doRadify_vir2vcsAll",
                                "entry",
                                0.32987213134765625,
                                0.016927000000000001,
                                0.075523000000000007,
                                296208,
                                380464,
                                0.016292000000000001,
                                0.022726,
                                1700638701.646769,
                                37578549667768
                            ],
                            "sub": []
                        },
                        {
                            "stat": [
                                "doRadify_vir2vcsAll",
                                "exit",
                                0.33745312690734863,
                                0.016927000000000001,
                                0.079321000000000003,
                                298112,
                                380464,
                                0.016292000000000001,
                                0.022726,
                                1700638701.65435,
                                37578573900696
                            ],
                            "sub": []
                        }
                    ]
                },
                {
                    "stat": [
                        "doPostDesignResolutionToVir2Vcs",
                        "exit",
                        0.3374781608581543,
                        0.016927000000000001,
                        0.079347000000000001,
                        298112,
                        380464,
                        0.016292000000000001,
                        0.022726,
                        1700638701.6543751,
                        37578573940856
                    ],
                    "sub": []
                },
                {
                    "stat": [
                        "doGAToPass2",
                        "entry",
                        0.33749008178710938,
                        0.016927000000000001,
                        0.079358999999999999,
                        298112,
                        380464,
                        0.016292000000000001,
                        0.022726,
                        1700638701.654387,
                        37578573972088
                    ],