{
    "rlimit": {
        "data": -1,
        "stack": -1
    },
    "cycles_program_begin": 46837132553043,
    "perf": [
        {
            "stat": [
                "main",
                "entry",
                0.011016845703125,
                0.011242,
                0.022485000000000002,
                200680,
                200680,
                0.0,
                0.0,
                1700641600.410466,
                46837132771251
            ],
            "sub": [
                {
                    "stat": [
                        "doParsingAndDesignResolution",
                        "entry",
                        0.17690682411193848,
                        0.011242,
                        0.031423,
                        209632,
                        210432,
                        0.0,
                        0.0,
                        1700641600.5763559,
                        46837662599859
                    ],
                    "sub": []
                },
                {
                    "stat": [
                        "doParsingAndDesignResolution",
                        "exit",
                        0.1880037784576416,
                        0.011242,
                        0.044150000000000002,
                        312948,
                        377904,
                        0.0,
                        0.0,
                        1700641600.5874529,
                        46837698048211
                    ],
                    "sub": []
                },
                {
                    "stat": [
                        "doPostDesignResolutionToVir2Vcs",
                        "entry",
                        0.19136881828308105,
                        0.011242,
                        0.048693,
                        294732,
                        377904,
                        0.0,
                        0.0,
                        1700641600.5908179,
                        46837708770803
                    ],
                    "sub": [
                        {
                            "stat": [
                                "doUptoVir2VcsNoSepCleanup",
                                "entry",
                                0.19523191452026367,
                                0.014782,
                                0.048693,
                                295212,
                                377904,
                                0.0,
                                0.0,
                                1700641600.594681,
                                46837721098707
                            ],
                            "sub": []
                        },
                        {
                            "stat": [
                                "doUptoVir2VcsNoSepCleanup",
                                "exit",
                                0.22396183013916016,
                                0.020621,
                                0.061864000000000002,
                                296268,
                                377904,
                                0.0053039999999999997,
                                0.0038249999999999998,
                                1700641600.6234109,
                                46837812905724
                            ],
                            "sub": []
                        },
                        {
                            "stat": [
                                "doRadify_vir2vcsAll",
                                "entry",
                                0.22404289245605469,
                                0.020702999999999999,
                                0.061864000000000002,
                                296268,
                                377904,
                                0.016884,
                                0.019132,
                                1700641600.623492,
                                46837813098204
                            ],
                            "sub": []
                        },
                        {
                            "stat": [
                                "doRadify_vir2vcsAll",
                                "exit",
                                0.22803187370300293,
                                0.024691000000000001,
                                0.061864000000000002,
                                298328,
                                377904,
                                0.016884,
                                0.019132,
                                1700641600.627481,
                                46837825873436
                            ],
                            "sub": []
                        }
                    ]
                },
                {
                    "stat": [
                        "doPostDesignResolutionToVir2Vcs",
                        "exit",
                        0.22806096076965332,
                        0.024721,
                        0.061864000000000002,
                        298328,
                        377904,
                        0.016884,
                        0.019132,
                        1700641600.6275101,
                        46837825914844
                    ],
                    "sub": []
                },
                {
                    "stat": [
                        "doGAToPass2",
                        "entry",
                        0.2280728816986084,
                        0.024733000000000002,
                        0.061864000000000002,
                        298328,
                        377904,
                        0.016884,
                        0.019132,
                        1700641600.627522,
                        46837825945532
                    ],
                    "sub": [
                        {
                            "stat": [
                                "DoPass2",
                                "entry",
                                0.25134491920471191,
                                0.024733000000000002,
                                0.063501000000000002,
                                296772,
                                377904,
                                0.024025999999999999,
                                0.030297999999999999,
                                1700641600.650794,
                                46837900347804
                            ],
                            "sub": []
                        },
                        {
                            "stat": [
                                "DoPass2",
                                "exit",
                                0.29227399826049805,
                                0.049280999999999998,
                                0.078102000000000005,
                                305876,
                                377904,
                                0.025797,
                                0.030297999999999999,
                                1700641600.6917231,
                                46838031033020
                            ],
                            "sub": []
                        }
                    ]
                },
                {
                    "stat": [
                        "doGAToPass2",
                        "exit",
                        0.29443979263305664,
                        0.049280999999999998,
                        0.080268000000000006,
                        305876,
                        377904,
                        0.025797,
                        0.030297999999999999,
                        1700641600.6938889,
                        46838037956412
                    ],