{
    "Modules": {
        "tb": {
            "nQuads": 121,
            "Compiled": "Yes",
            "child_modules": {
                "dff_if": 1,
                "dff": 1
            },
            "start_perf": [
                0.28587985038757324,
                0.046240000000000003,
                0.074748999999999996,
                304212,
                377904,
                1700641600.685329,
                46838010584092
            ],
            "Compiled Times": 2,
            "nMops": 365,
            "end_perf": [
                0.28882288932800293,
                0.048495000000000003,
                0.075437000000000004,
                304468,
                377904,
                46838020019580,
                17179869185,
                0
            ],
            "nRouts": 21
        },
        "...MASTER...": {
            "nQuads": 0,
            "child_modules": {
                "vcs_paramclassrepository": 1,
                "std": 1,
                "tb": 1,
                "_vcs_unit__2172170401": 1
            },
            "start_perf": [
                0.25142598152160645,
                0.024733000000000002,
                0.063584000000000002,
                296772,
                377904,
                1700641600.6508751,
                46837900547420
            ],
            "nMops": 0,
            "end_perf": [
                0.25512099266052246,
                0.025071,
                0.065185999999999994,
                301308,
                377904,
                46837912374780,
                0,
                0
            ],
            "nRouts": 5
        },
        "vcs_paramclassrepository": {
            "start_perf": [
                0.25518798828125,
                0.025090000000000001,
                0.065234,
                301308,
                377904,
                1700641600.6546371,
                46837912569532
            ],
            "child_modules": {},
            "nQuads": 95,
            "Compiled": "Yes",
            "Compiled Times": 2,
            "end_perf": [
                0.25771689414978027,
                0.027618,
                0.065234,
                303168,
                377904,
                46837920662108,
                25769803777,
                0
            ],
            "nMops": 232,
            "svclass": [
                "std_mailbox_13543037383139754854_61",
                1746,
                136,
                9,
                9,
                0
            ],
            "nRouts": 14
        },
        "dff_if": {
            "start_perf": [
                0.28492999076843262,
                0.045289999999999997,
                0.074748999999999996,
                304212,
                377904,
                1700641600.6843791,
                46838007553276
            ],
            "child_modules": {},
            "nQuads": 0,
            "Compiled": "Yes",
            "Compiled Times": 2,
            "end_perf": [
                0.28585100173950195,
                0.046210000000000001,
                0.074748999999999996,
                304212,
                377904,
                46838010523388,
                12884901889,
                0
            ],
            "nMops": 0,
            "svclass": [
                "dff_if_vcs_virt_intf_C",
                0,
                0,
                0,
                0,
                0
            ],
            "nRouts": 6
        },
        "_vcs_unit__2172170401": {
            "start_perf": [
                0.25774478912353516,
                0.027647000000000001,
                0.065234,
                303168,
                377904,
                1700641600.6571939,
                46837920722460
            ],
            "child_modules": {},
            "nQuads": 1075,
            "Compiled": "Yes",
            "Compiled Times": 2,
            "significant_routs": [
                [
                    92,
                    "F_VCSgd_IZeWf_31_0",
                    5297024,
                    5139,
                    771
                ]
            ],
            "svclass": [
                "transaction",
                2401,
                203,
                5,
                4,
                4294967302,
                "generator",
                5621,
                592,
                11,
                4,
                4294967319,
                "driver",
                7613,
                876,
                24,
                4,
                4294967350,
                "monitor",
                4341,
                466,
                11,
                3,
                4294967384,
                "scoreboard",
                3981,
                403,
                8,
                3,
                4294967407,
                "environment",
                10990,
                1181,
                31,
                6,
                4294967441
            ],
            "nMops": 3789,
            "end_perf": [
                0.27983880043029785,
                0.040231000000000003,
                0.074715000000000004,
                304212,
                377904,
                46837991369820,
                4294967297,
                0
            ],
            "nRouts": 104
        },
        "std": {
            "start_perf": [
                0.27988886833190918,
                0.040249,
                0.074748999999999996,
                304212,
                377904,
                1700641600.679338,
                46837991454652
            ],
            "child_modules": {},
            "nQuads": 315,
            "Compiled": "Yes",
            "Compiled Times": 2,
            "end_perf": [
                0.28489089012145996,
                0.045249999999999999,
                0.074748999999999996,
                304212,
                377904,
                46838007479164,
                8589934594,
                0
            ],
            "nMops": 746,
            "svclass": [
                "$vcs_nba_dyn_obj",
                576,
                35,
                2,
                2,
                0,
                "sigprop$$",
                576,
                35,
                2,
                2,
                0,
                "process",
                2380,
                200,
                8,
                8,
                0,
                "event",
                597,
                34,
                2,
                2,
                0,
                "mailbox",
                1769,
                140,
                9,
                9,
                0,
                "semaphore",
                1119,
                83,
                5,
                5,
                0
            ],
            "nRouts": 33
        },
        "dff": {
            "nQuads": 90,
            "Compiled": "Yes",
            "child_modules": {},
            "start_perf": [
                0.28884983062744141,
                0.048506000000000001,
                0.075453999999999993,
                304468,
                377904,
                1700641600.6882989,
                46838020072028
            ],
            "Compiled Times": 2,
            "nMops": 145,
            "end_perf": [
                0.29083085060119629,
                0.049280999999999998,
                0.076659000000000005,
                304468,
                377904,
                46838026430908,
                21474836481,
                0
            ],
            "nRouts": 19
        }
    },
    "CompUnits": {
        "hEeZs_d": {
            "mod": "vcs_paramclassrepository",
            "cls": 1746,
            "out": "hEeZs_d.o",
            "bytes": 14898,
            "archive": "archive.1/_26639_archive_1.a",
            "text": 1981,
            "mode": 4,